"x","y","country","year","farm_id","hh_size","farm_area_ha"
-3.1580972348327,13.853625137986,"Mali",2018,"Mali_00024",5,2.6271
-3.1214534885026,14.5648309219531,"Mali",2018,"Mali_00113",7,0.9089
-6.11540900028394,13.2552063111735,"Mali",2018,"Mali_00121",8,2.3734
-3.42599608577235,13.1906268168104,"Mali",2018,"Mali_00159",6,10.0174
-3.49158384010753,14.1015888771212,"Mali",2018,"Mali_00169",8,1.7225
-4.99822233728233,13.7351833725641,"Mali",2018,"Mali_00245",7,2.4849
