"x","y","country","year","farm_id","hh_size","farm_area_ha"
-4.87292346907353,14.9916545870545,"Mali",2010,"Mali_00092",6,0.7237
-7.00103163101489,11.0624722070268,"Mali",2010,"Mali_00101",5,0.6828
-6.55742126618854,13.4582885305193,"Mali",2010,"Mali_00162",7,1.03
-5.53135033964318,13.1476568776122,"Mali",2010,"Mali_00168",9,2.6634
-5.3684003826739,14.9329911206351,"Mali",2010,"Mali_00172",9,1.8455
-4.60075637385256,14.792056212751,"Mali",2010,"Mali_00207",5,1.2503
-7.54498772232222,12.9498356732816,"Mali",2010,"Mali_00229",2,7.5993
