"x","y","country","year","farm_id","hh_size","farm_area_ha"
-2.44601284641653,13.9705488629343,"Mali",2020,"Mali_00046",9,0.5695
-5.56979915530477,14.7873498933492,"Mali",2020,"Mali_00057",9,0.2888
-1.40807440932184,13.4835412468768,"Mali",2020,"Mali_00063",3,2.4465
-5.09780510171337,14.9836353966412,"Mali",2020,"Mali_00069",8,0.4265
-5.80452438880606,14.6500784248832,"Mali",2020,"Mali_00170",8,0.8105
-2.54007349402163,12.229933186862,"Mali",2020,"Mali_00204",5,0.4677
-4.1722896344534,13.0538943006662,"Mali",2020,"Mali_00242",5,0.7417
-8.65797896338248,14.9872586781364,"Mali",2020,"Mali_00307",9,0.3686
