"x","y","country","year","farm_id","hh_size","farm_area_ha"
-5.94864694466533,14.5131518200047,"Mali",2016,"Mali_00005",11,2.1717
-2.67369852284968,12.0112077953223,"Mali",2016,"Mali_00039",7,0.5143
-6.84017966675769,14.9211263057951,"Mali",2016,"Mali_00049",8,1.4892
-3.4917755721316,12.9664902098696,"Mali",2016,"Mali_00135",7,1.074
-1.99508671759281,11.0513700789372,"Mali",2016,"Mali_00213",6,1.2466
-4.50999247484448,13.8563922976105,"Mali",2016,"Mali_00230",5,2.2405
-1.8745153338613,13.3795862753624,"Mali",2016,"Mali_00243",4,7.0049
