"x","y","country","year","farm_id","hh_size","farm_area_ha"
-2.08500209482774,14.6732811152309,"Mali",2012,"Mali_00056",4,3.0419
-5.62461849233416,14.1380827823694,"Mali",2012,"Mali_00114",10,1.6359
-2.13423635269968,12.9671461217697,"Mali",2012,"Mali_00117",7,1.0265
-2.62114730600369,14.2735743922857,"Mali",2012,"Mali_00147",3,2.4758
-9.60457919938889,14.7165722763652,"Mali",2012,"Mali_00258",9,1.212
