"x","y","country","year","farm_id","hh_size","farm_area_ha"
8.97989360822524,13.109787618018,"Niger",2018,"Niger_00003",6,1.5456
9.97055458528094,14.847520158511,"Niger",2018,"Niger_00015",4,1.0367
7.35257751696867,14.0152826735745,"Niger",2018,"Niger_00039",4,0.8896
9.2555430473526,13.5459468489691,"Niger",2018,"Niger_00066",6,2.0591
9.18436976128338,14.7450612155469,"Niger",2018,"Niger_00073",7,0.3328
7.56470147334065,14.4370138607822,"Niger",2018,"Niger_00131",4,5.3268
8.5405403373581,11.8282929076376,"Niger",2018,"Niger_00167",5,0.7538
7.52008396963684,14.039195771388,"Niger",2018,"Niger_00215",4,0.8753
8.1830318722062,14.255565176847,"Niger",2018,"Niger_00272",7,0.5949
