"x","y","country","year","farm_id","hh_size","farm_area_ha"
10.9571014597949,11.5695771550658,"Niger",2020,"Niger_00016",5,0.5605
5.902105176865,14.5941677791202,"Niger",2020,"Niger_00084",7,6.1827
10.8031036361672,14.6553341099254,"Niger",2020,"Niger_00132",6,0.5135
11.3412743224451,14.9829596952559,"Niger",2020,"Niger_00200",8,4.813
7.55756394820876,14.516776588887,"Niger",2020,"Niger_00217",4,1.1521
9.86150401115788,14.9004873737627,"Niger",2020,"Niger_00300",7,0.5767
