"x","y","country","year","farm_id","hh_size","farm_area_ha"
7.4575412300805,14.9959575969955,"Niger",2014,"Niger_00018",9,1.895
7.36892071325057,14.6189522293181,"Niger",2014,"Niger_00055",7,1.4579
7.69743141029389,14.7699223740374,"Niger",2014,"Niger_00071",12,2.2708
11.659529503228,12.5332663370076,"Niger",2014,"Niger_00089",8,1.1631
6.00639455156523,13.436281697216,"Niger",2014,"Niger_00242",4,1.1316
