"x","y","country","year","farm_id","hh_size","farm_area_ha"
9.50307847301742,14.758692003487,"Niger",2012,"Niger_00081",5,0.9466
8.54327964496671,14.3481847295798,"Niger",2012,"Niger_00099",1,0.5597
9.92221450759357,14.0462475259712,"Niger",2012,"Niger_00117",6,1.7433
7.81557029465669,14.0385163348334,"Niger",2012,"Niger_00178",5,6.6819
4.80856097642707,14.8900997853307,"Niger",2012,"Niger_00240",5,1.1837
4.41472129135737,14.1018210989912,"Niger",2012,"Niger_00249",2,0.7913
4.2623725624208,14.9709625014468,"Niger",2012,"Niger_00295",7,0.7576
